<?xml version="1.0" encoding="UTF-8"?>
<project-private xmlns="http://www.netbeans.org/ns/project-private/1">
    <editor-bookmarks xmlns="http://www.netbeans.org/ns/editor-bookmarks/2" lastBookmarkId="0"/>
    <open-files xmlns="http://www.netbeans.org/ns/projectui-open-files/2">
        <group>
            <file>file:/D:/java_Class/Lab211/HikingMountain/src/controller/ManagerStudent.java</file>
            <file>file:/D:/java_Class/Lab211/HikingMountain/src/Main.java</file>
        </group>
        <group name="LAB211">
            <file>file:/Users/rechiee/Downloads/School/Semester3/kì%203/LAB211/01_J1.L.P0027.MountainHiking%20_300LOC/01_J1.L.P0027.MountainHiking%20_300LOC/HikingMountain/src/Data/mountainFile.java</file>
            <file>file:/Users/rechiee/Downloads/School/Semester3/kì%203/LAB211/01_J1.L.P0027.MountainHiking%20_300LOC/01_J1.L.P0027.MountainHiking%20_300LOC/HikingMountain/src/Data/IFileReadWrite.java</file>
            <file>file:/Users/rechiee/Downloads/School/Semester3/kì%203/LAB211/01_J1.L.P0027.MountainHiking%20_300LOC/01_J1.L.P0027.MountainHiking%20_300LOC/HikingMountain/src/Model/Mountain.java</file>
            <file>file:/Users/rechiee/Downloads/School/Semester3/kì%203/LAB211/01_J1.L.P0027.MountainHiking%20_300LOC/01_J1.L.P0027.MountainHiking%20_300LOC/HikingMountain/src/Data/registration.dat</file>
            <file>file:/Users/rechiee/Downloads/School/Semester3/kì%203/LAB211/01_J1.L.P0027.MountainHiking%20_300LOC/01_J1.L.P0027.MountainHiking%20_300LOC/HikingMountain/src/Model/StatisticInfo.java</file>
        </group>
    </open-files>
</project-private>
